cwe,count,perc
CWE-79,30,0.13157894736842105
CWE-20,25,0.10964912280701754
CWE-125,14,0.06140350877192982
CWE-89,14,0.06140350877192982
CWE-119,11,0.04824561403508772
CWE-200,9,0.039473684210526314
CWE-476,8,0.03508771929824561
CWE-787,7,0.03070175438596491
NVD-CWE-noinfo,7,0.03070175438596491
CWE-352,6,0.02631578947368421
CWE-639,6,0.02631578947368421
CWE-74,5,0.021929824561403508
CWE-22,5,0.021929824561403508
CWE-362,5,0.021929824561403508
CWE-269,5,0.021929824561403508
CWE-416,5,0.021929824561403508
CWE-264,4,0.017543859649122806
NVD-CWE-Other,4,0.017543859649122806
CWE-400,3,0.013157894736842105
CWE-399,3,0.013157894736842105
CWE-295,3,0.013157894736842105
CWE-310,3,0.013157894736842105
CWE-78,3,0.013157894736842105
CWE-255,3,0.013157894736842105
CWE-120,2,0.008771929824561403
CWE-401,2,0.008771929824561403
CWE-94,2,0.008771929824561403
CWE-772,2,0.008771929824561403
CWE-326,2,0.008771929824561403
CWE-287,2,0.008771929824561403
CWE-134,1,0.0043859649122807015
CWE-770,1,0.0043859649122807015
CWE-17,1,0.0043859649122807015
CWE-90,1,0.0043859649122807015
CWE-824,1,0.0043859649122807015
CWE-835,1,0.0043859649122807015
CWE-862,1,0.0043859649122807015
CWE-129,1,0.0043859649122807015
CWE-93,1,0.0043859649122807015
CWE-943,1,0.0043859649122807015
CWE-77,1,0.0043859649122807015
CWE-191,1,0.0043859649122807015
CWE-732,1,0.0043859649122807015
CWE-707,1,0.0043859649122807015
CWE-674,1,0.0043859649122807015
CWE-617,1,0.0043859649122807015
CWE-601,1,0.0043859649122807015
CWE-59,1,0.0043859649122807015
CWE-190,1,0.0043859649122807015
CWE-470,1,0.0043859649122807015
CWE-434,1,0.0043859649122807015
CWE-384,1,0.0043859649122807015
CWE-367,1,0.0043859649122807015
CWE-347,1,0.0043859649122807015
CWE-335,1,0.0043859649122807015
CWE-327,1,0.0043859649122807015
CWE-294,1,0.0043859649122807015
CWE-189,1,0.0043859649122807015
