cwe,count,mean,std,min,25%,50%,75%,max
CWE-79,1762.0,1.4137343927355277,1.6252178690615544,1.0,1.0,1.0,1.0,23.0
CWE-787,485.0,1.265979381443299,1.420546295068732,1.0,1.0,1.0,1.0,24.0
CWE-20,933.0,1.3804930332261522,1.250718666027706,1.0,1.0,1.0,1.0,16.0
CWE-125,672.0,1.1339285714285714,0.5292437995492196,1.0,1.0,1.0,1.0,6.0
CWE-119,820.0,1.1097560975609757,0.49923256271218536,1.0,1.0,1.0,1.0,9.0
CWE-89,978.0,1.7065439672801637,2.259694936569002,1.0,1.0,1.0,1.0,25.0
CWE-200,582.0,1.2061855670103092,0.7950554294522396,1.0,1.0,1.0,1.0,11.0
CWE-416,252.0,1.0912698412698412,0.40367235368138343,1.0,1.0,1.0,1.0,4.0
CWE-352,496.0,1.3891129032258065,1.5373473215988345,1.0,1.0,1.0,1.0,21.0
CWE-78,181.0,1.0883977900552486,0.35422556654635895,1.0,1.0,1.0,1.0,4.0
CWE-190,234.0,1.1196581196581197,0.484301065558574,1.0,1.0,1.0,1.0,6.0
CWE-22,582.0,1.3848797250859106,1.3352025390466753,1.0,1.0,1.0,1.0,14.0
CWE-476,322.0,1.093167701863354,0.521216432894544,1.0,1.0,1.0,1.0,8.0
CWE-287,126.0,1.2301587301587302,0.7393261625312436,1.0,1.0,1.0,1.0,6.0
CWE-434,98.0,1.163265306122449,0.4910304240478658,1.0,1.0,1.0,1.0,4.0
CWE-732,39.0,1.205128205128205,1.128097774305961,1.0,1.0,1.0,1.0,8.0
CWE-94,201.0,1.3930348258706469,1.5328898341958872,1.0,1.0,1.0,1.0,12.0
CWE-522,27.0,1.1481481481481481,0.45604518194714877,1.0,1.0,1.0,1.0,3.0
CWE-611,22.0,1.3181818181818181,0.646334988801409,1.0,1.0,1.0,1.0,3.0
CWE-798,19.0,1.368421052631579,0.8950807732508139,1.0,1.0,1.0,1.0,4.0
CWE-502,53.0,1.1320754716981132,0.6213427101248183,1.0,1.0,1.0,1.0,5.0
CWE-269,232.0,1.1293103448275863,0.5350109828349255,1.0,1.0,1.0,1.0,7.0
CWE-400,133.0,1.2857142857142858,0.9891182832983009,1.0,1.0,1.0,1.0,10.0
CWE-862,41.0,1.0731707317073171,0.34570535882735637,1.0,1.0,1.0,1.0,3.0
