cwe,count,mean,std,min,25%,50%,75%,max
CWE-79,456.0,5.074561403508772,10.58585671755352,1.0,1.0,2.0,4.25,134.0
CWE-787,104.0,5.105769230769231,19.547759918955965,1.0,1.0,2.0,3.25,199.0
CWE-20,268.0,4.097014925373134,6.939405367983602,1.0,1.0,2.0,4.0,60.0
CWE-125,270.0,3.3740740740740742,3.629299664394247,1.0,1.0,2.0,4.0,20.0
CWE-119,318.0,3.169811320754717,3.329833688536099,1.0,1.0,2.0,4.0,22.0
CWE-89,103.0,18.24271844660194,46.49066235982495,1.0,1.0,4.0,9.0,204.0
CWE-200,168.0,3.8035714285714284,6.878116759879267,1.0,1.0,2.0,4.0,59.0
CWE-416,94.0,2.6914893617021276,3.376154826702132,1.0,1.0,2.0,2.0,18.0
CWE-352,57.0,9.052631578947368,19.452709187587267,1.0,2.0,3.0,6.0,100.0
CWE-78,35.0,5.257142857142857,8.596657548629198,1.0,2.0,3.0,5.0,50.0
CWE-190,73.0,3.6575342465753424,5.11049893759621,1.0,1.0,2.0,4.0,33.0
CWE-22,78.0,7.576923076923077,21.277705685547005,1.0,1.0,2.0,4.75,137.0
CWE-476,127.0,2.7244094488188977,2.698256831040963,1.0,1.0,2.0,4.0,19.0
CWE-287,32.0,3.9375,4.398955154535325,1.0,2.0,2.5,4.25,23.0
CWE-434,16.0,6.125,7.256031973468694,1.0,1.0,4.5,7.25,30.0
CWE-732,15.0,2.7333333333333334,2.789435853528878,1.0,1.0,2.0,2.5,11.0
CWE-94,45.0,4.488888888888889,5.0480519294900565,1.0,2.0,3.0,4.0,23.0
CWE-522,7.0,3.857142857142857,3.4364987719368982,1.0,1.5,4.0,4.0,11.0
CWE-611,11.0,2.1818181818181817,1.721521525754576,1.0,1.0,2.0,2.0,7.0
CWE-798,6.0,3.1666666666666665,4.400757510550504,1.0,1.0,1.0,2.5,12.0
CWE-502,16.0,3.3125,3.004857179079676,1.0,1.0,1.5,5.25,10.0
CWE-269,22.0,11.318181818181818,17.846932145693472,1.0,2.0,3.0,8.5,74.0
CWE-400,31.0,4.290322580645161,8.145319917544048,1.0,1.0,2.0,3.0,40.0
CWE-862,8.0,5.125,4.998213966722799,1.0,2.75,4.0,5.0,17.0
