,vccs,repo_commits,vccs_ratio
count,1087.0,1087.0,1087.0
mean,15.370745170193192,10273.82428702852,0.01976543269326866
std,88.95568448765401,44123.59777995631,0.0686867767716399
min,1.0,2.0,1.8308311973636032e-06
25%,2.0,404.5,0.0006881111132705606
50%,4.0,1848.0,0.0023296447291788003
75%,9.0,7115.5,0.009637835846658106
max,2476.0,895186.0,1.0384615384615385
