,vccs,repo_commits,vccs_ratio
count,1096.0,1096.0,1096.0
mean,21.63594890510949,10214.287408759124,0.024249246001415852
std,125.69518011709731,43947.391394259605,0.1275937594709249
min,1.0,2.0,1.8308311973636032e-06
25%,2.0,417.0,0.0007016647812682537
50%,4.0,1849.5,0.0024405206841200872
75%,10.0,7062.25,0.010416666666666666
max,2562.0,895186.0,3.5223048327137545
