cwe,count,mean,std,min,25%,50%,75%,max
CWE-79,1767.0,1.4516129032258065,1.8348601372395994,1.0,1.0,1.0,1.0,26.0
CWE-787,489.0,1.3374233128834356,2.049252739342148,1.0,1.0,1.0,1.0,34.0
CWE-20,936.0,1.439102564102564,1.7949807757163525,1.0,1.0,1.0,1.0,33.0
CWE-125,675.0,1.1525925925925926,0.6551360233904574,1.0,1.0,1.0,1.0,11.0
CWE-119,823.0,1.1397326852976915,0.8334044309262757,1.0,1.0,1.0,1.0,19.0
CWE-89,991.0,3.053481331987891,26.54723568879763,1.0,1.0,1.0,1.0,819.0
CWE-200,584.0,1.2328767123287672,1.0028507967903975,1.0,1.0,1.0,1.0,16.0
CWE-416,255.0,1.1764705882352942,1.3704686587456074,1.0,1.0,1.0,1.0,22.0
CWE-352,498.0,1.4558232931726907,1.912327956754465,1.0,1.0,1.0,1.0,25.0
CWE-78,181.0,1.0883977900552486,0.35422556654635895,1.0,1.0,1.0,1.0,4.0
CWE-190,237.0,1.248945147679325,1.7615385179916743,1.0,1.0,1.0,1.0,27.0
CWE-22,584.0,1.4332191780821917,1.7063073125454216,1.0,1.0,1.0,1.0,27.0
CWE-476,325.0,1.1384615384615384,0.7386366126750322,1.0,1.0,1.0,1.0,9.0
CWE-287,128.0,1.4375,2.3130918055251075,1.0,1.0,1.0,1.0,26.0
CWE-434,99.0,1.1717171717171717,0.49570407647790954,1.0,1.0,1.0,1.0,4.0
CWE-732,40.0,1.2,1.1140133037920332,1.0,1.0,1.0,1.0,8.0
CWE-94,201.0,1.3930348258706469,1.5328898341958874,1.0,1.0,1.0,1.0,12.0
CWE-522,27.0,1.1481481481481481,0.45604518194714877,1.0,1.0,1.0,1.0,3.0
CWE-611,22.0,1.3181818181818181,0.646334988801409,1.0,1.0,1.0,1.0,3.0
CWE-798,19.0,1.368421052631579,0.8950807732508139,1.0,1.0,1.0,1.0,4.0
CWE-502,53.0,1.1320754716981132,0.6213427101248183,1.0,1.0,1.0,1.0,5.0
CWE-269,234.0,1.170940170940171,0.7211173767724866,1.0,1.0,1.0,1.0,8.0
CWE-400,135.0,1.2962962962962963,0.9930660653052277,1.0,1.0,1.0,1.0,10.0
CWE-862,41.0,1.0731707317073171,0.34570535882735637,1.0,1.0,1.0,1.0,3.0
