cwe,count,mean,std,min,25%,50%,75%,max
CWE-79,456.0,5.094298245614035,10.601362671631863,1.0,1.0,2.0,5.0,134.0
CWE-787,105.0,5.114285714285714,19.552844710264957,1.0,1.0,2.0,3.0,200.0
CWE-20,273.0,4.102564102564102,6.955512045347297,1.0,1.0,2.0,4.0,60.0
CWE-125,276.0,3.36231884057971,3.623041472646493,1.0,1.0,2.0,4.0,20.0
CWE-119,329.0,3.1458966565349544,3.3161637403334296,1.0,1.0,2.0,4.0,22.0
CWE-89,104.0,18.35576923076923,46.74303193369035,1.0,1.0,4.0,9.0,205.0
CWE-200,177.0,3.7005649717514126,6.721374463530009,1.0,1.0,2.0,3.0,59.0
CWE-416,102.0,2.676470588235294,3.309637187216685,1.0,1.0,1.5,3.0,19.0
CWE-352,57.0,9.087719298245615,19.452580348260067,1.0,2.0,3.0,6.0,100.0
CWE-78,35.0,5.257142857142857,8.596657548629198,1.0,2.0,3.0,5.0,50.0
CWE-190,77.0,3.6103896103896105,5.060569564771404,1.0,1.0,2.0,4.0,33.0
CWE-22,79.0,7.518987341772152,21.227015176900178,1.0,1.0,2.0,5.0,137.0
CWE-476,134.0,2.7238805970149254,2.6961174843458005,1.0,1.0,2.0,3.75,20.0
CWE-287,33.0,3.878787878787879,4.498316183289975,1.0,2.0,2.0,4.0,24.0
CWE-434,16.0,6.1875,7.314084586148381,1.0,1.0,4.5,7.25,30.0
CWE-732,15.0,2.8,2.908116719999879,1.0,1.0,2.0,2.5,11.0
CWE-94,45.0,4.488888888888889,5.0480519294900565,1.0,2.0,3.0,4.0,23.0
CWE-522,7.0,3.857142857142857,3.4364987719368982,1.0,1.5,4.0,4.0,11.0
CWE-611,11.0,2.1818181818181817,1.721521525754576,1.0,1.0,2.0,2.0,7.0
CWE-798,6.0,3.1666666666666665,4.400757510550504,1.0,1.0,1.0,2.5,12.0
CWE-502,16.0,3.3125,3.004857179079676,1.0,1.0,1.5,5.25,10.0
CWE-269,22.0,11.454545454545455,18.138953801739643,1.0,2.0,3.0,8.5,75.0
CWE-400,31.0,4.387096774193548,8.114503145006635,1.0,1.0,2.0,3.0,40.0
CWE-862,8.0,5.125,4.998213966722799,1.0,2.75,4.0,5.0,17.0
