,days_before_last_fix,changes_before_last_fix
count,228.0,228.0
mean,1315.2456140350878,54.19736842105263
std,1369.4836839310522,134.0314927556692
min,0.0,1.0
25%,254.0,7.0
50%,840.0,19.0
75%,1967.0,52.25
max,6873.0,1692.0
