,days_before_last_fix,changes_before_last_fix
count,3645.0,3645.0
mean,947.6620027434842,31.773388203017834
std,1167.6667329457282,69.72243625322079
min,0.0,0.0
25%,100.0,2.0
50%,511.0,9.0
75%,1354.0,31.0
max,7568.0,1692.0
