,vccs,repo_commits,vccs_ratio
count,1096.0,1096.0,1096.0
mean,19.55565693430657,10214.287408759124,0.021515976880504942
std,102.79087519213168,43947.391394259605,0.07512271737586775
min,1.0,2.0,1.8308311973636032e-06
25%,2.0,417.0,0.0007016647812682537
50%,4.0,1849.5,0.0024405206841200872
75%,10.0,7062.25,0.010416666666666666
max,2224.0,895186.0,1.066914498141264
