cwe,count,mean,std,min,25%,50%,75%,max
CWE-79,1341.0,1.360924683072334,1.7999403915074084,1.0,1.0,1.0,1.0,26.0
CWE-787,290.0,1.2448275862068965,1.4283550213642402,1.0,1.0,1.0,1.0,24.0
CWE-20,818.0,1.2310513447432763,1.488154491066756,1.0,1.0,1.0,1.0,33.0
CWE-125,675.0,1.1525925925925926,0.6551360233904574,1.0,1.0,1.0,1.0,11.0
CWE-119,823.0,1.1397326852976915,0.8334044309262757,1.0,1.0,1.0,1.0,19.0
CWE-89,476.0,1.7521008403361344,3.193001524439501,1.0,1.0,1.0,1.0,47.0
CWE-200,525.0,1.2552380952380953,1.0518958667931524,1.0,1.0,1.0,1.0,16.0
CWE-416,255.0,1.1764705882352942,1.3704686587456074,1.0,1.0,1.0,1.0,22.0
CWE-352,242.0,1.359504132231405,1.8102097956127157,1.0,1.0,1.0,1.0,25.0
CWE-78,131.0,1.1145038167938932,0.40461228115597664,1.0,1.0,1.0,1.0,4.0
CWE-190,237.0,1.248945147679325,1.7615385179916743,1.0,1.0,1.0,1.0,27.0
CWE-22,315.0,1.1555555555555554,0.7257277870857205,1.0,1.0,1.0,1.0,9.0
CWE-476,325.0,1.1384615384615384,0.7386366126750323,1.0,1.0,1.0,1.0,9.0
CWE-287,128.0,1.4375,2.3130918055251075,1.0,1.0,1.0,1.0,26.0
CWE-434,99.0,1.1717171717171717,0.49570407647790954,1.0,1.0,1.0,1.0,4.0
CWE-732,40.0,1.2,1.1140133037920332,1.0,1.0,1.0,1.0,8.0
CWE-94,201.0,1.3930348258706469,1.5328898341958872,1.0,1.0,1.0,1.0,12.0
CWE-522,27.0,1.1481481481481481,0.45604518194714877,1.0,1.0,1.0,1.0,3.0
CWE-611,22.0,1.3181818181818181,0.6463349888014092,1.0,1.0,1.0,1.0,3.0
CWE-798,19.0,1.368421052631579,0.8950807732508138,1.0,1.0,1.0,1.0,4.0
CWE-502,53.0,1.1320754716981132,0.6213427101248182,1.0,1.0,1.0,1.0,5.0
CWE-269,159.0,1.1823899371069182,0.6642340779257296,1.0,1.0,1.0,1.0,7.0
CWE-400,135.0,1.2962962962962963,0.9930660653052278,1.0,1.0,1.0,1.0,10.0
CWE-862,41.0,1.0731707317073171,0.34570535882735637,1.0,1.0,1.0,1.0,3.0
