cwe,count,mean,std,min,25%,50%,75%,max
CWE-79,447.0,3.87248322147651,5.074717855070797,1.0,1.0,2.0,4.0,36.0
CWE-787,104.0,3.2403846153846154,3.7064498815471945,1.0,1.0,2.0,3.0,20.0
CWE-20,271.0,3.697416974169742,5.1226397245668975,1.0,1.0,2.0,4.0,42.0
CWE-125,276.0,3.36231884057971,3.623041472646493,1.0,1.0,2.0,4.0,20.0
CWE-119,329.0,3.1458966565349544,3.3161637403334296,1.0,1.0,2.0,4.0,22.0
CWE-89,96.0,5.697916666666667,6.928385232492817,1.0,1.0,3.5,7.0,43.0
CWE-200,176.0,3.3863636363636362,5.278380310407607,1.0,1.0,2.0,3.0,40.0
CWE-416,102.0,2.676470588235294,3.309637187216685,1.0,1.0,1.5,3.0,19.0
CWE-352,54.0,4.833333333333333,6.061788763959688,1.0,2.0,3.0,6.0,38.0
CWE-78,34.0,3.9411764705882355,3.700460057152503,1.0,2.0,2.5,4.75,18.0
CWE-190,77.0,3.6103896103896105,5.060569564771404,1.0,1.0,2.0,4.0,33.0
CWE-22,77.0,4.220779220779221,5.190130757462913,1.0,1.0,2.0,4.0,28.0
CWE-476,134.0,2.7238805970149254,2.6961174843458005,1.0,1.0,2.0,3.75,20.0
CWE-287,33.0,3.878787878787879,4.498316183289974,1.0,2.0,2.0,4.0,24.0
CWE-434,16.0,6.1875,7.314084586148381,1.0,1.0,4.5,7.25,30.0
CWE-732,15.0,2.8,2.9081167199998794,1.0,1.0,2.0,2.5,11.0
CWE-94,45.0,4.488888888888889,5.0480519294900565,1.0,2.0,3.0,4.0,23.0
CWE-522,7.0,3.857142857142857,3.4364987719368982,1.0,1.5,4.0,4.0,11.0
CWE-611,11.0,2.1818181818181817,1.721521525754576,1.0,1.0,2.0,2.0,7.0
CWE-798,6.0,3.1666666666666665,4.400757510550504,1.0,1.0,1.0,2.5,12.0
CWE-502,16.0,3.3125,3.004857179079676,1.0,1.0,1.5,5.25,10.0
CWE-269,21.0,8.428571428571429,11.573985608127515,1.0,2.0,3.0,7.0,36.0
CWE-400,31.0,4.387096774193548,8.114503145006635,1.0,1.0,2.0,3.0,40.0
CWE-862,8.0,5.125,4.998213966722799,1.0,2.75,4.0,5.0,17.0
