cwe,count,mean,std,min,25%,50%,75%,max
CWE-79,32.0,1.34375,0.745280852019624,1.0,1.0,1.0,1.0,4.0
CWE-787,7.0,1.4285714285714286,1.1338934190276815,1.0,1.0,1.0,1.0,4.0
CWE-20,27.0,1.037037037037037,0.19245008972987523,1.0,1.0,1.0,1.0,2.0
CWE-125,14.0,1.0,0.0,1.0,1.0,1.0,1.0,1.0
CWE-119,12.0,1.25,0.621581560508061,1.0,1.0,1.0,1.0,3.0
CWE-89,23.0,2.217391304347826,4.572213724217289,1.0,1.0,1.0,1.0,23.0
CWE-200,9.0,1.1111111111111112,0.33333333333333337,1.0,1.0,1.0,1.0,2.0
CWE-416,5.0,1.0,0.0,1.0,1.0,1.0,1.0,1.0
CWE-352,6.0,1.6666666666666667,1.632993161855452,1.0,1.0,1.0,1.0,5.0
CWE-78,3.0,1.0,0.0,1.0,1.0,1.0,1.0,1.0
CWE-190,1.0,1.0,,1.0,1.0,1.0,1.0,1.0
CWE-22,5.0,1.2,0.4472135954999579,1.0,1.0,1.0,1.0,2.0
CWE-476,9.0,1.0,0.0,1.0,1.0,1.0,1.0,1.0
CWE-287,2.0,1.0,0.0,1.0,1.0,1.0,1.0,1.0
CWE-434,1.0,1.0,,1.0,1.0,1.0,1.0,1.0
CWE-732,1.0,1.0,,1.0,1.0,1.0,1.0,1.0
CWE-94,2.0,1.0,0.0,1.0,1.0,1.0,1.0,1.0
CWE-269,6.0,1.0,0.0,1.0,1.0,1.0,1.0,1.0
CWE-400,3.0,1.0,0.0,1.0,1.0,1.0,1.0,1.0
CWE-862,1.0,1.0,,1.0,1.0,1.0,1.0,1.0
