cwe,count,mean,std,min,25%,50%,75%,max
CWE-79,30.0,1.0666666666666667,0.2537081317024625,1.0,1.0,1.0,1.0,2.0
CWE-787,7.0,1.0,0.0,1.0,1.0,1.0,1.0,1.0
CWE-20,25.0,1.08,0.27688746209726917,1.0,1.0,1.0,1.0,2.0
CWE-125,14.0,1.0,0.0,1.0,1.0,1.0,1.0,1.0
CWE-119,11.0,1.0909090909090908,0.30151134457776363,1.0,1.0,1.0,1.0,2.0
CWE-89,14.0,1.6428571428571428,1.0082080720186268,1.0,1.0,1.0,2.0,4.0
CWE-200,9.0,1.0,0.0,1.0,1.0,1.0,1.0,1.0
CWE-416,5.0,1.0,0.0,1.0,1.0,1.0,1.0,1.0
CWE-352,6.0,1.0,0.0,1.0,1.0,1.0,1.0,1.0
CWE-78,3.0,1.0,0.0,1.0,1.0,1.0,1.0,1.0
CWE-190,1.0,1.0,,1.0,1.0,1.0,1.0,1.0
CWE-22,5.0,1.0,0.0,1.0,1.0,1.0,1.0,1.0
CWE-476,8.0,1.125,0.3535533905932738,1.0,1.0,1.0,1.0,2.0
CWE-287,2.0,1.0,0.0,1.0,1.0,1.0,1.0,1.0
CWE-434,1.0,1.0,,1.0,1.0,1.0,1.0,1.0
CWE-732,1.0,1.0,,1.0,1.0,1.0,1.0,1.0
CWE-94,2.0,1.0,0.0,1.0,1.0,1.0,1.0,1.0
CWE-269,5.0,1.2,0.44721359549995804,1.0,1.0,1.0,1.0,2.0
CWE-400,3.0,1.0,0.0,1.0,1.0,1.0,1.0,1.0
CWE-862,1.0,1.0,,1.0,1.0,1.0,1.0,1.0
